,Hero,Role,Pick_rate,Win_rate,Tie_Rate,On_fire,Rank,Date,Platform
0,Reinhardt,TANK,12.08,52.10,2.61,7.15,All,2020-05-24 11:54:16.967151,PC
1,Ana,SUPPORT,10.80,49.92,2.36,9.81,All,2020-05-24 11:54:16.967151,PC
2,Moira,SUPPORT,8.28,49.95,2.45,10.52,All,2020-05-24 11:54:16.967151,PC
3,Zarya,TANK,7.51,52.90,2.47,12.39,All,2020-05-24 11:54:16.967151,PC
4,Mercy,SUPPORT,6.56,51.32,2.42,2.46,All,2020-05-24 11:54:16.967151,PC
5,McCree,OFFENSE,4.72,47.43,1.79,8.60,All,2020-05-24 11:54:16.967151,PC
6,Lúcio,SUPPORT,4.36,51.76,2.06,11.86,All,2020-05-24 11:54:16.967151,PC
7,Ashe,OFFENSE,3.83,53.39,2.20,9.85,All,2020-05-24 11:54:16.967151,PC
8,Roadhog,TANK,3.40,49.70,1.75,9.34,All,2020-05-24 11:54:16.967151,PC
9,Sigma,TANK,3.07,50.85,2.22,12.90,All,2020-05-24 11:54:16.967151,PC
10,Genji,OFFENSE,2.93,50.54,2.17,11.95,All,2020-05-24 11:54:16.967151,PC
11,Soldier: 76,OFFENSE,2.38,49.48,1.86,9.78,All,2020-05-24 11:54:16.967151,PC
12,Junkrat,DEFENSE,2.15,52.12,2.65,11.61,All,2020-05-24 11:54:16.967151,PC
13,Wrecking Ball,TANK,2.15,50.94,1.86,3.02,All,2020-05-24 11:54:16.967151,PC
14,D.Va,TANK,2.05,48.38,2.11,6.53,All,2020-05-24 11:54:16.967151,PC
15,Echo,OFFENSE,2.01,50.35,1.94,7.51,All,2020-05-24 11:54:16.967151,PC
16,Winston,TANK,1.99,47.72,1.75,6.19,All,2020-05-24 11:54:16.967151,PC
17,Reaper,OFFENSE,1.94,50.56,1.86,13.61,All,2020-05-24 11:54:16.967151,PC
18,Brigitte,SUPPORT,1.93,55.70,1.79,7.04,All,2020-05-24 11:54:16.967151,PC
19,Baptiste,SUPPORT,1.83,46.50,2.59,11.44,All,2020-05-24 11:54:16.967151,PC
20,Doomfist,OFFENSE,1.63,52.35,1.88,7.41,All,2020-05-24 11:54:16.967151,PC
21,Orisa,TANK,1.62,49.77,1.95,6.77,All,2020-05-24 11:54:16.967151,PC
22,Hanzo,DEFENSE,1.60,47.44,2.09,10.41,All,2020-05-24 11:54:16.967151,PC
23,Tracer,OFFENSE,1.52,49.48,1.50,7.16,All,2020-05-24 11:54:16.967151,PC
24,Pharah,OFFENSE,1.51,54.15,1.85,14.75,All,2020-05-24 11:54:16.967151,PC
25,Zenyatta,SUPPORT,1.49,53.46,1.90,8.28,All,2020-05-24 11:54:16.967151,PC
26,Widowmaker,DEFENSE,1.28,50.44,1.49,6.62,All,2020-05-24 11:54:16.967151,PC
27,Torbjörn,DEFENSE,1.16,57.40,2.79,7.69,All,2020-05-24 11:54:16.967151,PC
28,Mei,DEFENSE,0.77,48.07,2.48,6.75,All,2020-05-24 11:54:16.967151,PC
29,Symmetra,SUPPORT,0.66,58.08,2.90,9.13,All,2020-05-24 11:54:16.967151,PC
30,Sombra,OFFENSE,0.47,47.34,1.84,12.21,All,2020-05-24 11:54:16.967151,PC
31,Bastion,DEFENSE,0.31,55.00,2.38,16.33,All,2020-05-24 11:54:16.967151,PC
0,Moira,SUPPORT,9.73,47.62,2.60,9.96,Bronze,2020-05-24 11:55:05.315769,PC
1,Reinhardt,TANK,9.03,48.86,2.71,7.48,Bronze,2020-05-24 11:55:05.315769,PC
2,Mercy,SUPPORT,7.80,46.39,2.38,1.76,Bronze,2020-05-24 11:55:05.315769,PC
3,Ana,SUPPORT,7.25,46.02,2.28,7.39,Bronze,2020-05-24 11:55:05.315769,PC
4,Lúcio,SUPPORT,4.94,49.47,1.98,11.17,Bronze,2020-05-24 11:55:05.315769,PC
5,Zarya,TANK,4.92,48.83,2.59,8.94,Bronze,2020-05-24 11:55:05.315769,PC
6,Junkrat,DEFENSE,4.23,47.58,2.56,12.57,Bronze,2020-05-24 11:55:05.315769,PC
7,D.Va,TANK,4.04,44.32,2.59,6.29,Bronze,2020-05-24 11:55:05.315769,PC
8,Sigma,TANK,3.59,47.81,2.42,10.79,Bronze,2020-05-24 11:55:05.315769,PC
9,Orisa,TANK,3.45,48.09,2.51,5.80,Bronze,2020-05-24 11:55:05.315769,PC
10,Soldier: 76,OFFENSE,3.34,45.82,2.06,10.04,Bronze,2020-05-24 11:55:05.315769,PC
11,Reaper,OFFENSE,3.20,47.83,2.34,14.82,Bronze,2020-05-24 11:55:05.315769,PC
12,Roadhog,TANK,3.03,45.85,1.57,7.37,Bronze,2020-05-24 11:55:05.315769,PC
13,McCree,OFFENSE,2.97,44.61,1.48,8.43,Bronze,2020-05-24 11:55:05.315769,PC
14,Ashe,OFFENSE,2.70,48.92,2.20,7.76,Bronze,2020-05-24 11:55:05.315769,PC
15,Baptiste,SUPPORT,2.24,45.05,2.49,10.06,Bronze,2020-05-24 11:55:05.315769,PC
16,Genji,OFFENSE,2.07,45.18,2.18,9.15,Bronze,2020-05-24 11:55:05.315769,PC
17,Echo,OFFENSE,2.02,43.68,1.71,7.16,Bronze,2020-05-24 11:55:05.315769,PC
18,Wrecking Ball,TANK,1.99,47.83,2.21,2.62,Bronze,2020-05-24 11:55:05.315769,PC
19,Winston,TANK,1.94,46.27,1.47,5.53,Bronze,2020-05-24 11:55:05.315769,PC
20,Pharah,OFFENSE,1.86,48.53,1.92,11.20,Bronze,2020-05-24 11:55:05.315769,PC
21,Torbjörn,DEFENSE,1.81,55.27,3.48,10.44,Bronze,2020-05-24 11:55:05.315769,PC
22,Zenyatta,SUPPORT,1.72,50.11,2.69,9.48,Bronze,2020-05-24 11:55:05.315769,PC
23,Brigitte,SUPPORT,1.71,51.74,1.60,8.56,Bronze,2020-05-24 11:55:05.315769,PC
24,Hanzo,DEFENSE,1.53,43.93,2.02,9.64,Bronze,2020-05-24 11:55:05.315769,PC
25,Doomfist,OFFENSE,1.26,50.67,1.61,8.63,Bronze,2020-05-24 11:55:05.315769,PC
26,Mei,DEFENSE,1.10,44.53,2.06,7.56,Bronze,2020-05-24 11:55:05.315769,PC
27,Symmetra,SUPPORT,1.06,56.58,2.81,9.60,Bronze,2020-05-24 11:55:05.315769,PC
28,Tracer,OFFENSE,1.04,44.33,2.06,6.63,Bronze,2020-05-24 11:55:05.315769,PC
29,Bastion,DEFENSE,0.88,50.77,2.58,17.23,Bronze,2020-05-24 11:55:05.315769,PC
30,Widowmaker,DEFENSE,0.87,43.24,1.78,4.99,Bronze,2020-05-24 11:55:05.315769,PC
31,Sombra,OFFENSE,0.68,42.83,3.13,10.60,Bronze,2020-05-24 11:55:05.315769,PC
0,Reinhardt,TANK,10.68,51.15,2.45,6.97,Silver,2020-05-24 11:55:53.912738,PC
1,Moira,SUPPORT,9.91,48.64,2.37,10.10,Silver,2020-05-24 11:55:53.912738,PC
2,Ana,SUPPORT,8.38,47.82,2.19,8.28,Silver,2020-05-24 11:55:53.912738,PC
3,Mercy,SUPPORT,7.70,49.35,2.57,2.15,Silver,2020-05-24 11:55:53.912738,PC
4,Zarya,TANK,6.32,50.62,2.27,9.63,Silver,2020-05-24 11:55:53.912738,PC
5,Lúcio,SUPPORT,4.13,51.17,2.03,11.66,Silver,2020-05-24 11:55:53.912738,PC
6,Junkrat,DEFENSE,3.92,50.20,2.50,12.09,Silver,2020-05-24 11:55:53.912738,PC
7,McCree,OFFENSE,3.69,45.91,1.72,8.11,Silver,2020-05-24 11:55:53.912738,PC
8,Ashe,OFFENSE,3.48,51.01,2.05,8.31,Silver,2020-05-24 11:55:53.912738,PC
9,Sigma,TANK,3.29,49.51,2.30,11.47,Silver,2020-05-24 11:55:53.912738,PC
10,Soldier: 76,OFFENSE,3.21,47.61,1.69,9.98,Silver,2020-05-24 11:55:53.912738,PC
11,Roadhog,TANK,3.11,46.85,1.78,7.78,Silver,2020-05-24 11:55:53.912738,PC
12,Reaper,OFFENSE,2.90,49.35,1.88,14.23,Silver,2020-05-24 11:55:53.912738,PC
13,D.Va,TANK,2.88,47.58,2.23,6.44,Silver,2020-05-24 11:55:53.912738,PC
14,Genji,OFFENSE,2.29,48.74,2.09,10.59,Silver,2020-05-24 11:55:53.912738,PC
15,Orisa,TANK,2.25,49.21,1.97,6.06,Silver,2020-05-24 11:55:53.912738,PC
16,Pharah,OFFENSE,2.20,53.37,1.96,13.32,Silver,2020-05-24 11:55:53.912738,PC
17,Echo,OFFENSE,2.10,48.23,1.85,7.20,Silver,2020-05-24 11:55:53.912738,PC
18,Winston,TANK,2.04,46.44,1.93,5.65,Silver,2020-05-24 11:55:53.912738,PC
19,Baptiste,SUPPORT,1.89,44.51,2.45,10.08,Silver,2020-05-24 11:55:53.912738,PC
20,Wrecking Ball,TANK,1.87,49.78,2.07,2.73,Silver,2020-05-24 11:55:53.912738,PC
21,Brigitte,SUPPORT,1.78,55.37,1.79,8.41,Silver,2020-05-24 11:55:53.912738,PC
22,Doomfist,OFFENSE,1.44,49.24,1.75,7.73,Silver,2020-05-24 11:55:53.912738,PC
23,Zenyatta,SUPPORT,1.36,49.94,1.82,8.87,Silver,2020-05-24 11:55:53.912738,PC
24,Torbjörn,DEFENSE,1.32,56.67,2.63,8.52,Silver,2020-05-24 11:55:53.912738,PC
25,Hanzo,DEFENSE,1.26,46.00,2.32,9.52,Silver,2020-05-24 11:55:53.912738,PC
26,Tracer,OFFENSE,1.08,45.23,1.26,6.54,Silver,2020-05-24 11:55:53.912738,PC
27,Mei,DEFENSE,0.97,46.74,2.48,7.72,Silver,2020-05-24 11:55:53.912738,PC
28,Widowmaker,DEFENSE,0.80,47.39,1.04,5.16,Silver,2020-05-24 11:55:53.912738,PC
29,Symmetra,SUPPORT,0.79,57.53,3.66,9.65,Silver,2020-05-24 11:55:53.912738,PC
30,Bastion,DEFENSE,0.53,54.66,2.87,17.81,Silver,2020-05-24 11:55:53.912738,PC
31,Sombra,OFFENSE,0.44,44.19,1.80,11.07,Silver,2020-05-24 11:55:53.912738,PC
0,Reinhardt,TANK,11.71,51.44,2.65,7.08,Gold,2020-05-24 11:56:43.966592,PC
1,Ana,SUPPORT,10.33,48.61,2.30,9.32,Gold,2020-05-24 11:56:43.966592,PC
2,Moira,SUPPORT,9.53,49.84,2.41,10.42,Gold,2020-05-24 11:56:43.966592,PC
3,Zarya,TANK,7.36,51.99,2.41,11.44,Gold,2020-05-24 11:56:43.966592,PC
4,Mercy,SUPPORT,7.04,51.01,2.43,2.35,Gold,2020-05-24 11:56:43.966592,PC
5,McCree,OFFENSE,4.55,46.47,1.70,8.45,Gold,2020-05-24 11:56:43.966592,PC
6,Lúcio,SUPPORT,4.03,51.58,2.02,12.04,Gold,2020-05-24 11:56:43.966592,PC
7,Ashe,OFFENSE,3.81,52.62,2.25,9.28,Gold,2020-05-24 11:56:43.966592,PC
8,Roadhog,TANK,3.33,48.78,1.87,8.85,Gold,2020-05-24 11:56:43.966592,PC
9,Sigma,TANK,3.05,51.00,2.13,12.78,Gold,2020-05-24 11:56:43.966592,PC
10,Genji,OFFENSE,2.79,49.25,2.00,11.42,Gold,2020-05-24 11:56:43.966592,PC
11,Soldier: 76,OFFENSE,2.51,47.91,1.83,9.62,Gold,2020-05-24 11:56:43.966592,PC
12,Junkrat,DEFENSE,2.50,52.06,2.64,11.56,Gold,2020-05-24 11:56:43.966592,PC
13,Reaper,OFFENSE,2.30,49.97,1.75,13.70,Gold,2020-05-24 11:56:43.966592,PC
14,D.Va,TANK,2.15,48.59,2.09,6.89,Gold,2020-05-24 11:56:43.966592,PC
15,Echo,OFFENSE,2.04,49.51,1.95,7.40,Gold,2020-05-24 11:56:43.966592,PC
16,Winston,TANK,2.00,47.03,1.72,6.16,Gold,2020-05-24 11:56:43.966592,PC
17,Baptiste,SUPPORT,1.99,45.61,2.59,10.87,Gold,2020-05-24 11:56:43.966592,PC
18,Wrecking Ball,TANK,1.92,49.80,1.99,2.80,Gold,2020-05-24 11:56:43.966592,PC
19,Pharah,OFFENSE,1.84,53.85,1.89,14.70,Gold,2020-05-24 11:56:43.966592,PC
20,Brigitte,SUPPORT,1.67,55.43,1.73,8.02,Gold,2020-05-24 11:56:43.966592,PC
21,Doomfist,OFFENSE,1.56,51.06,1.92,7.55,Gold,2020-05-24 11:56:43.966592,PC
22,Orisa,TANK,1.50,50.30,2.02,7.04,Gold,2020-05-24 11:56:43.966592,PC
23,Zenyatta,SUPPORT,1.50,53.18,2.01,9.09,Gold,2020-05-24 11:56:43.966592,PC
24,Hanzo,DEFENSE,1.36,47.80,1.81,10.14,Gold,2020-05-24 11:56:43.966592,PC
25,Tracer,OFFENSE,1.27,49.68,1.69,7.01,Gold,2020-05-24 11:56:43.966592,PC
26,Torbjörn,DEFENSE,1.07,58.27,2.82,7.79,Gold,2020-05-24 11:56:43.966592,PC
27,Widowmaker,DEFENSE,0.92,49.96,1.15,5.99,Gold,2020-05-24 11:56:43.966592,PC
28,Mei,DEFENSE,0.84,46.88,2.04,7.18,Gold,2020-05-24 11:56:43.966592,PC
29,Symmetra,SUPPORT,0.73,58.52,2.89,9.39,Gold,2020-05-24 11:56:43.966592,PC
30,Sombra,OFFENSE,0.49,46.19,1.73,12.57,Gold,2020-05-24 11:56:43.966592,PC
31,Bastion,DEFENSE,0.31,55.88,2.52,16.23,Gold,2020-05-24 11:56:43.966592,PC
0,Reinhardt,TANK,12.96,52.26,2.67,7.31,Platinum,2020-05-24 11:57:34.194215,PC
1,Ana,SUPPORT,11.74,50.40,2.48,10.33,Platinum,2020-05-24 11:57:34.194215,PC
2,Zarya,TANK,8.32,53.60,2.53,13.17,Platinum,2020-05-24 11:57:34.194215,PC
3,Moira,SUPPORT,7.68,50.68,2.52,10.89,Platinum,2020-05-24 11:57:34.194215,PC
4,Mercy,SUPPORT,6.28,52.58,2.45,2.75,Platinum,2020-05-24 11:57:34.194215,PC
5,McCree,OFFENSE,5.21,47.72,1.84,8.94,Platinum,2020-05-24 11:57:34.194215,PC
6,Ashe,OFFENSE,4.20,54.32,2.19,10.38,Platinum,2020-05-24 11:57:34.194215,PC
7,Lúcio,SUPPORT,4.12,52.47,1.97,12.03,Platinum,2020-05-24 11:57:34.194215,PC
8,Roadhog,TANK,3.70,50.96,1.75,10.12,Platinum,2020-05-24 11:57:34.194215,PC
9,Genji,OFFENSE,3.41,51.07,2.31,12.40,Platinum,2020-05-24 11:57:34.194215,PC
10,Sigma,TANK,2.69,51.17,2.27,13.64,Platinum,2020-05-24 11:57:34.194215,PC
11,Wrecking Ball,TANK,2.20,51.69,1.76,3.18,Platinum,2020-05-24 11:57:34.194215,PC
12,Soldier: 76,OFFENSE,2.17,51.94,1.97,10.03,Platinum,2020-05-24 11:57:34.194215,PC
13,Echo,OFFENSE,2.00,51.30,1.96,7.69,Platinum,2020-05-24 11:57:34.194215,PC
14,Winston,TANK,1.88,47.48,1.61,6.50,Platinum,2020-05-24 11:57:34.194215,PC
15,Doomfist,OFFENSE,1.79,53.73,1.91,7.44,Platinum,2020-05-24 11:57:34.194215,PC
16,Baptiste,SUPPORT,1.73,47.42,2.66,12.01,Platinum,2020-05-24 11:57:34.194215,PC
17,Hanzo,DEFENSE,1.68,47.65,2.26,10.89,Platinum,2020-05-24 11:57:34.194215,PC
18,Brigitte,SUPPORT,1.67,56.68,1.49,7.15,Platinum,2020-05-24 11:57:34.194215,PC
19,Tracer,OFFENSE,1.63,48.92,1.33,7.44,Platinum,2020-05-24 11:57:34.194215,PC
20,Reaper,OFFENSE,1.62,52.49,1.86,13.09,Platinum,2020-05-24 11:57:34.194215,PC
21,D.Va,TANK,1.57,49.53,1.85,6.69,Platinum,2020-05-24 11:57:34.194215,PC
22,Zenyatta,SUPPORT,1.51,54.70,1.77,8.13,Platinum,2020-05-24 11:57:34.194215,PC
23,Junkrat,DEFENSE,1.50,54.83,3.03,11.28,Platinum,2020-05-24 11:57:34.194215,PC
24,Widowmaker,DEFENSE,1.42,50.54,1.66,7.21,Platinum,2020-05-24 11:57:34.194215,PC
25,Pharah,OFFENSE,1.27,55.72,1.80,15.97,Platinum,2020-05-24 11:57:34.194215,PC
26,Orisa,TANK,1.14,50.83,1.56,7.22,Platinum,2020-05-24 11:57:34.194215,PC
27,Torbjörn,DEFENSE,0.98,58.67,2.86,7.45,Platinum,2020-05-24 11:57:34.194215,PC
28,Mei,DEFENSE,0.65,50.52,2.80,5.98,Platinum,2020-05-24 11:57:34.194215,PC
29,Symmetra,SUPPORT,0.59,58.79,2.83,9.05,Platinum,2020-05-24 11:57:34.194215,PC
30,Sombra,OFFENSE,0.47,48.14,1.68,12.42,Platinum,2020-05-24 11:57:34.194215,PC
31,Bastion,DEFENSE,0.22,56.69,1.60,15.62,Platinum,2020-05-24 11:57:34.194215,PC
0,Reinhardt,TANK,13.57,53.54,2.66,7.13,Diamond,2020-05-24 11:58:23.985963,PC
1,Ana,SUPPORT,12.88,52.25,2.32,10.83,Diamond,2020-05-24 11:58:23.985963,PC
2,Zarya,TANK,8.74,55.04,2.63,14.53,Diamond,2020-05-24 11:58:23.985963,PC
3,Moira,SUPPORT,6.34,51.74,2.45,10.77,Diamond,2020-05-24 11:58:23.985963,PC
4,McCree,OFFENSE,5.57,49.42,1.99,8.81,Diamond,2020-05-24 11:58:23.985963,PC
5,Mercy,SUPPORT,5.19,53.88,2.15,2.87,Diamond,2020-05-24 11:58:23.985963,PC
6,Lúcio,SUPPORT,5.02,52.28,2.38,11.79,Diamond,2020-05-24 11:58:23.985963,PC
7,Ashe,OFFENSE,3.99,54.93,2.28,11.07,Diamond,2020-05-24 11:58:23.985963,PC
8,Roadhog,TANK,3.66,52.05,1.55,10.44,Diamond,2020-05-24 11:58:23.985963,PC
9,Genji,OFFENSE,3.46,52.93,2.18,13.30,Diamond,2020-05-24 11:58:23.985963,PC
10,Sigma,TANK,2.97,53.00,2.16,14.27,Diamond,2020-05-24 11:58:23.985963,PC
11,Wrecking Ball,TANK,2.31,53.23,1.73,3.20,Diamond,2020-05-24 11:58:23.985963,PC
12,Brigitte,SUPPORT,2.07,57.73,1.93,6.01,Diamond,2020-05-24 11:58:23.985963,PC
13,Tracer,OFFENSE,2.05,51.04,1.58,7.37,Diamond,2020-05-24 11:58:23.985963,PC
14,Echo,OFFENSE,1.99,54.19,2.13,7.74,Diamond,2020-05-24 11:58:23.985963,PC
15,Winston,TANK,1.99,49.35,1.92,6.54,Diamond,2020-05-24 11:58:23.985963,PC
16,Hanzo,DEFENSE,1.96,48.16,2.07,11.05,Diamond,2020-05-24 11:58:23.985963,PC
17,Widowmaker,DEFENSE,1.95,51.81,1.47,7.00,Diamond,2020-05-24 11:58:23.985963,PC
18,Soldier: 76,OFFENSE,1.85,53.39,1.92,9.52,Diamond,2020-05-24 11:58:23.985963,PC
19,Doomfist,OFFENSE,1.76,54.33,1.86,7.17,Diamond,2020-05-24 11:58:23.985963,PC
20,Baptiste,SUPPORT,1.56,48.95,2.79,12.50,Diamond,2020-05-24 11:58:23.985963,PC
21,Zenyatta,SUPPORT,1.48,56.84,1.66,7.11,Diamond,2020-05-24 11:58:23.985963,PC
22,D.Va,TANK,1.35,48.66,2.12,6.26,Diamond,2020-05-24 11:58:23.985963,PC
23,Torbjörn,DEFENSE,1.14,56.24,2.50,6.57,Diamond,2020-05-24 11:58:23.985963,PC
24,Orisa,TANK,1.14,49.17,1.36,7.33,Diamond,2020-05-24 11:58:23.985963,PC
25,Reaper,OFFENSE,0.96,53.65,1.71,12.52,Diamond,2020-05-24 11:58:23.985963,PC
26,Pharah,OFFENSE,0.81,55.99,1.57,17.39,Diamond,2020-05-24 11:58:23.985963,PC
27,Junkrat,DEFENSE,0.76,58.21,2.40,10.18,Diamond,2020-05-24 11:58:23.985963,PC
28,Mei,DEFENSE,0.57,49.54,3.38,5.89,Diamond,2020-05-24 11:58:23.985963,PC
29,Symmetra,SUPPORT,0.42,57.87,2.36,7.98,Diamond,2020-05-24 11:58:23.985963,PC
30,Sombra,OFFENSE,0.38,51.91,1.70,13.02,Diamond,2020-05-24 11:58:23.985963,PC
31,Bastion,DEFENSE,0.14,56.19,2.61,15.90,Diamond,2020-05-24 11:58:23.985963,PC
0,Reinhardt,TANK,13.46,54.65,2.34,6.76,Master,2020-05-24 11:59:13.886732,PC
1,Ana,SUPPORT,12.45,52.46,2.41,10.73,Master,2020-05-24 11:59:13.886732,PC
2,Zarya,TANK,7.38,54.39,2.48,14.34,Master,2020-05-24 11:59:13.886732,PC
3,Lúcio,SUPPORT,6.10,51.49,2.02,11.32,Master,2020-05-24 11:59:13.886732,PC
4,McCree,OFFENSE,5.31,48.87,1.76,8.28,Master,2020-05-24 11:59:13.886732,PC
5,Mercy,SUPPORT,5.10,52.95,2.34,2.61,Master,2020-05-24 11:59:13.886732,PC
6,Moira,SUPPORT,4.51,49.95,2.47,10.51,Master,2020-05-24 11:59:13.886732,PC
7,Ashe,OFFENSE,3.71,57.11,2.05,11.63,Master,2020-05-24 11:59:13.886732,PC
8,Brigitte,SUPPORT,3.47,53.86,2.34,4.92,Master,2020-05-24 11:59:13.886732,PC
9,Sigma,TANK,3.38,49.71,1.76,12.66,Master,2020-05-24 11:59:13.886732,PC
10,Roadhog,TANK,3.05,51.43,1.87,9.84,Master,2020-05-24 11:59:13.886732,PC
11,Genji,OFFENSE,3.03,54.10,2.37,12.49,Master,2020-05-24 11:59:13.886732,PC
12,Wrecking Ball,TANK,2.97,50.90,1.46,3.30,Master,2020-05-24 11:59:13.886732,PC
13,Hanzo,DEFENSE,2.70,46.34,1.91,10.24,Master,2020-05-24 11:59:13.886732,PC
14,Widowmaker,DEFENSE,2.51,52.84,1.94,7.11,Master,2020-05-24 11:59:13.886732,PC
15,Tracer,OFFENSE,2.48,52.69,1.48,6.78,Master,2020-05-24 11:59:13.886732,PC
16,Winston,TANK,2.32,51.52,1.99,6.13,Master,2020-05-24 11:59:13.886732,PC
17,Orisa,TANK,1.86,48.13,2.55,7.01,Master,2020-05-24 11:59:13.886732,PC
18,Doomfist,OFFENSE,1.83,53.71,1.93,5.91,Master,2020-05-24 11:59:13.886732,PC
19,Echo,OFFENSE,1.74,52.74,1.71,7.69,Master,2020-05-24 11:59:13.886732,PC
20,Torbjörn,DEFENSE,1.49,57.82,2.54,6.52,Master,2020-05-24 11:59:13.886732,PC
21,Soldier: 76,OFFENSE,1.46,49.95,1.49,8.53,Master,2020-05-24 11:59:13.886732,PC
22,D.Va,TANK,1.41,51.03,2.02,4.87,Master,2020-05-24 11:59:13.886732,PC
23,Baptiste,SUPPORT,1.38,46.79,1.58,13.72,Master,2020-05-24 11:59:13.886732,PC
24,Zenyatta,SUPPORT,1.18,53.60,1.49,5.62,Master,2020-05-24 11:59:13.886732,PC
25,Junkrat,DEFENSE,0.71,57.89,2.66,9.53,Master,2020-05-24 11:59:13.886732,PC
26,Mei,DEFENSE,0.68,50.21,3.01,5.49,Master,2020-05-24 11:59:13.886732,PC
27,Reaper,OFFENSE,0.64,51.53,2.35,10.15,Master,2020-05-24 11:59:13.886732,PC
28,Pharah,OFFENSE,0.62,54.42,0.66,14.79,Master,2020-05-24 11:59:13.886732,PC
29,Symmetra,SUPPORT,0.49,58.76,1.94,7.70,Master,2020-05-24 11:59:13.886732,PC
30,Sombra,OFFENSE,0.44,50.00,2.80,11.51,Master,2020-05-24 11:59:13.886732,PC
31,Bastion,DEFENSE,0.14,57.84,1.92,10.93,Master,2020-05-24 11:59:13.886732,PC
0,Ana,SUPPORT,13.16,54.20,2.43,10.14,Grandmaster,2020-05-24 12:00:03.487597,PC
1,Reinhardt,TANK,10.08,55.29,2.46,7.06,Grandmaster,2020-05-24 12:00:03.487597,PC
2,Brigitte,SUPPORT,6.81,54.37,2.29,4.37,Grandmaster,2020-05-24 12:00:03.487597,PC
3,Sigma,TANK,5.92,51.74,2.64,13.20,Grandmaster,2020-05-24 12:00:03.487597,PC
4,Zarya,TANK,5.43,57.78,2.38,15.29,Grandmaster,2020-05-24 12:00:03.487597,PC
5,Lúcio,SUPPORT,5.37,51.76,2.17,12.02,Grandmaster,2020-05-24 12:00:03.487597,PC
6,McCree,OFFENSE,4.79,51.26,1.82,7.38,Grandmaster,2020-05-24 12:00:03.487597,PC
7,Wrecking Ball,TANK,4.15,52.30,1.65,3.50,Grandmaster,2020-05-24 12:00:03.487597,PC
8,Mercy,SUPPORT,3.96,55.18,2.07,2.50,Grandmaster,2020-05-24 12:00:03.487597,PC
9,Orisa,TANK,3.85,50.63,2.40,6.79,Grandmaster,2020-05-24 12:00:03.487597,PC
10,Moira,SUPPORT,3.50,52.23,2.11,11.16,Grandmaster,2020-05-24 12:00:03.487597,PC
11,Ashe,OFFENSE,3.14,55.60,2.44,11.16,Grandmaster,2020-05-24 12:00:03.487597,PC
12,Tracer,OFFENSE,2.65,56.07,1.50,7.50,Grandmaster,2020-05-24 12:00:03.487597,PC
13,Winston,TANK,2.58,53.08,1.85,5.78,Grandmaster,2020-05-24 12:00:03.487597,PC
14,Widowmaker,DEFENSE,2.46,53.33,1.93,6.59,Grandmaster,2020-05-24 12:00:03.487597,PC
15,D.Va,TANK,2.45,52.97,1.94,5.12,Grandmaster,2020-05-24 12:00:03.487597,PC
16,Zenyatta,SUPPORT,2.35,51.38,2.36,5.51,Grandmaster,2020-05-24 12:00:03.487597,PC
17,Roadhog,TANK,2.23,51.62,1.18,8.81,Grandmaster,2020-05-24 12:00:03.487597,PC
18,Baptiste,SUPPORT,2.14,52.23,3.21,15.49,Grandmaster,2020-05-24 12:00:03.487597,PC
19,Hanzo,DEFENSE,2.01,52.23,2.76,8.86,Grandmaster,2020-05-24 12:00:03.487597,PC
20,Torbjörn,DEFENSE,1.92,52.97,2.75,5.37,Grandmaster,2020-05-24 12:00:03.487597,PC
21,Echo,OFFENSE,1.83,53.17,2.02,7.65,Grandmaster,2020-05-24 12:00:03.487597,PC
22,Genji,OFFENSE,1.39,57.20,2.10,11.76,Grandmaster,2020-05-24 12:00:03.487597,PC
23,Doomfist,OFFENSE,1.20,55.28,2.41,6.01,Grandmaster,2020-05-24 12:00:03.487597,PC
24,Soldier: 76,OFFENSE,0.97,55.56,1.64,7.63,Grandmaster,2020-05-24 12:00:03.487597,PC
25,Mei,DEFENSE,0.78,50.69,2.37,5.11,Grandmaster,2020-05-24 12:00:03.487597,PC
26,Pharah,OFFENSE,0.76,62.14,2.44,17.23,Grandmaster,2020-05-24 12:00:03.487597,PC
27,Junkrat,DEFENSE,0.72,57.72,0.73,7.28,Grandmaster,2020-05-24 12:00:03.487597,PC
28,Symmetra,SUPPORT,0.51,50.53,1.04,6.50,Grandmaster,2020-05-24 12:00:03.487597,PC
29,Sombra,OFFENSE,0.44,62.05,0.60,13.35,Grandmaster,2020-05-24 12:00:03.487597,PC
30,Bastion,DEFENSE,0.22,49.41,0.00,5.88,Grandmaster,2020-05-24 12:00:03.487597,PC
31,Reaper,OFFENSE,0.21,53.75,1.23,11.46,Grandmaster,2020-05-24 12:00:03.487597,PC
0,Reinhardt,TANK,11.08,51.65,2.49,7.18,All,2020-05-24 12:02:08.275497,PSN
1,Moira,SUPPORT,9.24,50.17,2.37,10.35,All,2020-05-24 12:02:08.275497,PSN
2,Mercy,SUPPORT,8.53,50.93,2.42,2.28,All,2020-05-24 12:02:08.275497,PSN
3,Ana,SUPPORT,6.17,48.05,2.22,8.99,All,2020-05-24 12:02:08.275497,PSN
4,Lúcio,SUPPORT,6.06,53.10,2.00,13.32,All,2020-05-24 12:02:08.275497,PSN
5,Zarya,TANK,5.91,51.92,2.52,12.99,All,2020-05-24 12:02:08.275497,PSN
6,Ashe,OFFENSE,4.99,52.50,2.21,11.57,All,2020-05-24 12:02:08.275497,PSN
7,Roadhog,TANK,4.27,49.68,1.73,11.14,All,2020-05-24 12:02:08.275497,PSN
8,McCree,OFFENSE,3.52,48.38,1.61,9.51,All,2020-05-24 12:02:08.275497,PSN
9,D.Va,TANK,3.48,49.97,2.09,9.08,All,2020-05-24 12:02:08.275497,PSN
10,Sigma,TANK,3.32,51.20,2.38,13.36,All,2020-05-24 12:02:08.275497,PSN
11,Soldier: 76,OFFENSE,2.95,49.42,2.00,11.21,All,2020-05-24 12:02:08.275497,PSN
12,Junkrat,DEFENSE,2.88,51.89,2.63,12.34,All,2020-05-24 12:02:08.275497,PSN
13,Wrecking Ball,TANK,2.51,50.16,1.67,3.60,All,2020-05-24 12:02:08.275497,PSN
14,Orisa,TANK,2.48,51.02,1.93,8.03,All,2020-05-24 12:02:08.275497,PSN
15,Reaper,OFFENSE,2.14,50.25,1.74,14.51,All,2020-05-24 12:02:08.275497,PSN
16,Echo,OFFENSE,2.03,48.91,2.12,8.46,All,2020-05-24 12:02:08.275497,PSN
17,Pharah,OFFENSE,1.98,52.24,2.03,16.68,All,2020-05-24 12:02:08.275497,PSN
18,Genji,OFFENSE,1.96,48.38,1.84,10.52,All,2020-05-24 12:02:08.275497,PSN
19,Brigitte,SUPPORT,1.79,56.47,1.62,8.23,All,2020-05-24 12:02:08.275497,PSN
20,Baptiste,SUPPORT,1.59,45.91,2.61,11.67,All,2020-05-24 12:02:08.275497,PSN
21,Tracer,OFFENSE,1.52,48.94,1.23,8.85,All,2020-05-24 12:02:08.275497,PSN
22,Zenyatta,SUPPORT,1.36,51.81,1.75,9.58,All,2020-05-24 12:02:08.275497,PSN
23,Winston,TANK,1.25,47.70,1.56,5.79,All,2020-05-24 12:02:08.275497,PSN
24,Torbjörn,DEFENSE,1.19,56.63,2.71,8.79,All,2020-05-24 12:02:08.275497,PSN
25,Doomfist,OFFENSE,1.12,51.64,1.79,7.44,All,2020-05-24 12:02:08.275497,PSN
26,Hanzo,DEFENSE,1.05,46.65,2.10,10.78,All,2020-05-24 12:02:08.275497,PSN
27,Widowmaker,DEFENSE,0.90,48.87,1.43,7.29,All,2020-05-24 12:02:08.275497,PSN
28,Sombra,OFFENSE,0.87,46.69,1.75,14.27,All,2020-05-24 12:02:08.275497,PSN
29,Symmetra,SUPPORT,0.74,57.27,2.88,9.83,All,2020-05-24 12:02:08.275497,PSN
30,Mei,DEFENSE,0.73,47.14,2.26,7.59,All,2020-05-24 12:02:08.275497,PSN
31,Bastion,DEFENSE,0.41,53.99,2.46,16.07,All,2020-05-24 12:02:08.275497,PSN
0,Moira,SUPPORT,9.05,47.87,2.02,9.04,Bronze,2020-05-24 12:02:51.712087,PSN
1,Mercy,SUPPORT,8.67,45.40,2.71,1.13,Bronze,2020-05-24 12:02:51.712087,PSN
2,Lúcio,SUPPORT,6.83,49.95,2.19,11.46,Bronze,2020-05-24 12:02:51.712087,PSN
3,D.Va,TANK,6.77,47.54,1.93,7.56,Bronze,2020-05-24 12:02:51.712087,PSN
4,Reinhardt,TANK,6.61,46.87,2.27,5.40,Bronze,2020-05-24 12:02:51.712087,PSN
5,Ana,SUPPORT,5.32,43.05,1.96,5.75,Bronze,2020-05-24 12:02:51.712087,PSN
6,Orisa,TANK,4.99,48.05,2.61,6.48,Bronze,2020-05-24 12:02:51.712087,PSN
7,Junkrat,DEFENSE,4.49,46.58,2.47,11.46,Bronze,2020-05-24 12:02:51.712087,PSN
8,Soldier: 76,OFFENSE,3.79,47.45,2.07,11.28,Bronze,2020-05-24 12:02:51.712087,PSN
9,Sigma,TANK,3.75,48.94,1.57,8.33,Bronze,2020-05-24 12:02:51.712087,PSN
10,Ashe,OFFENSE,3.57,47.57,2.19,8.43,Bronze,2020-05-24 12:02:51.712087,PSN
11,Zarya,TANK,3.47,46.76,1.50,7.95,Bronze,2020-05-24 12:02:51.712087,PSN
12,Reaper,OFFENSE,3.25,45.33,1.20,14.10,Bronze,2020-05-24 12:02:51.712087,PSN
13,Brigitte,SUPPORT,2.87,51.04,1.59,7.80,Bronze,2020-05-24 12:02:51.712087,PSN
14,Echo,OFFENSE,2.53,45.14,1.80,6.44,Bronze,2020-05-24 12:02:51.712087,PSN
15,Roadhog,TANK,2.26,40.24,2.59,6.71,Bronze,2020-05-24 12:02:51.712087,PSN
16,Pharah,OFFENSE,1.91,46.21,1.02,8.72,Bronze,2020-05-24 12:02:51.712087,PSN
17,McCree,OFFENSE,1.90,46.90,0.68,8.30,Bronze,2020-05-24 12:02:51.712087,PSN
18,Baptiste,SUPPORT,1.77,41.51,2.21,7.12,Bronze,2020-05-24 12:02:51.712087,PSN
19,Mei,DEFENSE,1.65,49.40,1.58,7.98,Bronze,2020-05-24 12:02:51.712087,PSN
20,Wrecking Ball,TANK,1.60,38.68,0.82,2.48,Bronze,2020-05-24 12:02:51.712087,PSN
21,Zenyatta,SUPPORT,1.55,43.40,1.26,8.22,Bronze,2020-05-24 12:02:51.712087,PSN
22,Symmetra,SUPPORT,1.53,59.21,2.98,8.44,Bronze,2020-05-24 12:02:51.712087,PSN
23,Sombra,OFFENSE,1.38,40.58,2.36,8.99,Bronze,2020-05-24 12:02:51.712087,PSN
24,Tracer,OFFENSE,1.36,40.29,0.96,6.26,Bronze,2020-05-24 12:02:51.712087,PSN
25,Genji,OFFENSE,1.12,42.86,1.75,5.52,Bronze,2020-05-24 12:02:51.712087,PSN
26,Winston,TANK,1.11,41.67,1.18,3.10,Bronze,2020-05-24 12:02:51.712087,PSN
27,Bastion,DEFENSE,1.11,53.99,4.12,15.06,Bronze,2020-05-24 12:02:51.712087,PSN
28,Torbjörn,DEFENSE,1.10,49.70,2.37,9.44,Bronze,2020-05-24 12:02:51.712087,PSN
29,Hanzo,DEFENSE,0.98,47.62,2.65,7.59,Bronze,2020-05-24 12:02:51.712087,PSN
30,Widowmaker,DEFENSE,0.95,35.21,2.07,3.86,Bronze,2020-05-24 12:02:51.712087,PSN
31,Doomfist,OFFENSE,0.76,43.36,2.59,5.54,Bronze,2020-05-24 12:02:51.712087,PSN
0,Moira,SUPPORT,10.20,49.21,2.43,9.90,Silver,2020-05-24 12:03:35.180973,PSN
1,Reinhardt,TANK,9.39,50.06,2.09,6.31,Silver,2020-05-24 12:03:35.180973,PSN
2,Mercy,SUPPORT,7.75,47.34,2.42,1.72,Silver,2020-05-24 12:03:35.180973,PSN
3,Lúcio,SUPPORT,6.51,51.11,2.08,12.33,Silver,2020-05-24 12:03:35.180973,PSN
4,D.Va,TANK,5.43,46.31,1.92,8.14,Silver,2020-05-24 12:03:35.180973,PSN
5,Zarya,TANK,4.91,48.66,2.23,9.31,Silver,2020-05-24 12:03:35.180973,PSN
6,Ana,SUPPORT,4.82,44.05,2.41,7.42,Silver,2020-05-24 12:03:35.180973,PSN
7,Junkrat,DEFENSE,4.72,49.35,2.15,12.06,Silver,2020-05-24 12:03:35.180973,PSN
8,Orisa,TANK,3.65,47.52,2.44,6.63,Silver,2020-05-24 12:03:35.180973,PSN
9,Sigma,TANK,3.47,50.45,3.08,10.93,Silver,2020-05-24 12:03:35.180973,PSN
10,Ashe,OFFENSE,3.40,47.89,1.65,8.14,Silver,2020-05-24 12:03:35.180973,PSN
11,Reaper,OFFENSE,3.39,48.62,1.94,14.23,Silver,2020-05-24 12:03:35.180973,PSN
12,Soldier: 76,OFFENSE,3.26,46.60,1.51,10.97,Silver,2020-05-24 12:03:35.180973,PSN
13,Roadhog,TANK,3.24,46.70,1.95,8.87,Silver,2020-05-24 12:03:35.180973,PSN
14,McCree,OFFENSE,2.67,46.11,1.85,8.22,Silver,2020-05-24 12:03:35.180973,PSN
15,Echo,OFFENSE,1.94,44.06,2.18,6.91,Silver,2020-05-24 12:03:35.180973,PSN
16,Wrecking Ball,TANK,1.92,44.94,1.35,3.16,Silver,2020-05-24 12:03:35.180973,PSN
17,Pharah,OFFENSE,1.74,45.50,2.12,11.50,Silver,2020-05-24 12:03:35.180973,PSN
18,Brigitte,SUPPORT,1.72,54.52,1.04,8.18,Silver,2020-05-24 12:03:35.180973,PSN
19,Genji,OFFENSE,1.68,47.59,1.79,7.69,Silver,2020-05-24 12:03:35.180973,PSN
20,Zenyatta,SUPPORT,1.57,49.15,2.45,9.54,Silver,2020-05-24 12:03:35.180973,PSN
21,Winston,TANK,1.55,47.66,1.94,4.44,Silver,2020-05-24 12:03:35.180973,PSN
22,Torbjörn,DEFENSE,1.52,57.33,2.52,10.50,Silver,2020-05-24 12:03:35.180973,PSN
23,Baptiste,SUPPORT,1.51,40.22,2.36,10.01,Silver,2020-05-24 12:03:35.180973,PSN
24,Tracer,OFFENSE,1.30,46.19,1.59,7.64,Silver,2020-05-24 12:03:35.180973,PSN
25,Hanzo,DEFENSE,1.17,45.75,2.34,9.82,Silver,2020-05-24 12:03:35.180973,PSN
26,Mei,DEFENSE,1.13,46.43,1.81,8.32,Silver,2020-05-24 12:03:35.180973,PSN
27,Symmetra,SUPPORT,1.05,60.05,2.61,10.18,Silver,2020-05-24 12:03:35.180973,PSN
28,Sombra,OFFENSE,1.00,43.04,2.60,12.66,Silver,2020-05-24 12:03:35.180973,PSN
29,Doomfist,OFFENSE,0.88,50.96,2.03,5.97,Silver,2020-05-24 12:03:35.180973,PSN
30,Bastion,DEFENSE,0.84,52.52,2.30,15.69,Silver,2020-05-24 12:03:35.180973,PSN
31,Widowmaker,DEFENSE,0.68,46.49,2.62,4.59,Silver,2020-05-24 12:03:35.180973,PSN
0,Reinhardt,TANK,11.10,50.23,2.54,6.93,Gold,2020-05-24 12:04:19.077353,PSN
1,Moira,SUPPORT,9.68,49.06,2.42,10.30,Gold,2020-05-24 12:04:19.077353,PSN
2,Mercy,SUPPORT,7.69,48.94,2.59,2.02,Gold,2020-05-24 12:04:19.077353,PSN
3,Ana,SUPPORT,6.16,45.84,2.17,8.46,Gold,2020-05-24 12:04:19.077353,PSN
4,Lúcio,SUPPORT,6.06,52.26,2.03,13.27,Gold,2020-05-24 12:04:19.077353,PSN
5,Zarya,TANK,5.82,49.56,2.46,11.67,Gold,2020-05-24 12:04:19.077353,PSN
6,D.Va,TANK,4.30,49.96,2.40,8.99,Gold,2020-05-24 12:04:19.077353,PSN
7,Ashe,OFFENSE,4.22,50.94,1.92,9.40,Gold,2020-05-24 12:04:19.077353,PSN
8,Junkrat,DEFENSE,3.77,49.52,2.44,12.61,Gold,2020-05-24 12:04:19.077353,PSN
9,Roadhog,TANK,3.53,46.07,1.57,9.73,Gold,2020-05-24 12:04:19.077353,PSN
10,Sigma,TANK,3.28,49.94,2.41,12.64,Gold,2020-05-24 12:04:19.077353,PSN
11,Soldier: 76,OFFENSE,3.10,48.22,2.14,10.90,Gold,2020-05-24 12:04:19.077353,PSN
12,McCree,OFFENSE,2.88,45.23,1.65,8.40,Gold,2020-05-24 12:04:19.077353,PSN
13,Orisa,TANK,2.61,49.50,2.10,7.78,Gold,2020-05-24 12:04:19.077353,PSN
14,Reaper,OFFENSE,2.57,49.11,1.91,14.58,Gold,2020-05-24 12:04:19.077353,PSN
15,Wrecking Ball,TANK,2.56,48.74,1.86,3.40,Gold,2020-05-24 12:04:19.077353,PSN
16,Echo,OFFENSE,2.05,47.33,2.01,7.99,Gold,2020-05-24 12:04:19.077353,PSN
17,Genji,OFFENSE,2.01,47.35,2.07,9.88,Gold,2020-05-24 12:04:19.077353,PSN
18,Pharah,OFFENSE,1.81,51.44,1.76,14.91,Gold,2020-05-24 12:04:19.077353,PSN
19,Zenyatta,SUPPORT,1.75,51.08,1.68,9.79,Gold,2020-05-24 12:04:19.077353,PSN
20,Baptiste,SUPPORT,1.75,44.33,2.30,11.00,Gold,2020-05-24 12:04:19.077353,PSN
21,Brigitte,SUPPORT,1.68,55.45,1.75,8.93,Gold,2020-05-24 12:04:19.077353,PSN
22,Winston,TANK,1.43,47.59,1.87,5.40,Gold,2020-05-24 12:04:19.077353,PSN
23,Tracer,OFFENSE,1.40,46.39,1.47,8.33,Gold,2020-05-24 12:04:19.077353,PSN
24,Torbjörn,DEFENSE,1.32,55.96,2.82,8.99,Gold,2020-05-24 12:04:19.077353,PSN
25,Hanzo,DEFENSE,0.98,44.52,2.07,9.60,Gold,2020-05-24 12:04:19.077353,PSN
26,Doomfist,OFFENSE,0.93,49.16,1.74,7.32,Gold,2020-05-24 12:04:19.077353,PSN
27,Symmetra,SUPPORT,0.83,55.63,3.11,9.83,Gold,2020-05-24 12:04:19.077353,PSN
28,Sombra,OFFENSE,0.83,44.55,1.43,13.94,Gold,2020-05-24 12:04:19.077353,PSN
29,Mei,DEFENSE,0.80,46.59,2.42,8.17,Gold,2020-05-24 12:04:19.077353,PSN
30,Widowmaker,DEFENSE,0.60,48.44,1.32,6.07,Gold,2020-05-24 12:04:19.077353,PSN
31,Bastion,DEFENSE,0.51,51.54,2.82,16.06,Gold,2020-05-24 12:04:19.077353,PSN
0,Reinhardt,TANK,11.18,51.48,2.54,7.48,Platinum,2020-05-24 12:05:02.950351,PSN
1,Moira,SUPPORT,9.45,50.12,2.45,10.65,Platinum,2020-05-24 12:05:02.950351,PSN
2,Mercy,SUPPORT,8.19,51.03,2.53,2.40,Platinum,2020-05-24 12:05:02.950351,PSN
3,Ana,SUPPORT,6.77,48.38,2.37,9.37,Platinum,2020-05-24 12:05:02.950351,PSN
4,Lúcio,SUPPORT,6.28,53.10,1.94,13.57,Platinum,2020-05-24 12:05:02.950351,PSN
5,Zarya,TANK,6.18,52.18,2.58,13.40,Platinum,2020-05-24 12:05:02.950351,PSN
6,Ashe,OFFENSE,5.05,52.67,2.36,11.32,Platinum,2020-05-24 12:05:02.950351,PSN
7,Roadhog,TANK,4.36,49.49,1.80,11.83,Platinum,2020-05-24 12:05:02.950351,PSN
8,McCree,OFFENSE,3.73,49.01,1.65,9.67,Platinum,2020-05-24 12:05:02.950351,PSN
9,Sigma,TANK,3.23,51.41,2.46,14.31,Platinum,2020-05-24 12:05:02.950351,PSN
10,D.Va,TANK,3.16,50.27,1.96,9.58,Platinum,2020-05-24 12:05:02.950351,PSN
11,Soldier: 76,OFFENSE,2.96,48.82,1.98,11.17,Platinum,2020-05-24 12:05:02.950351,PSN
12,Junkrat,DEFENSE,2.68,53.80,3.07,12.56,Platinum,2020-05-24 12:05:02.950351,PSN
13,Wrecking Ball,TANK,2.34,50.25,1.74,3.68,Platinum,2020-05-24 12:05:02.950351,PSN
14,Genji,OFFENSE,2.23,49.05,1.75,10.90,Platinum,2020-05-24 12:05:02.950351,PSN
15,Reaper,OFFENSE,2.11,50.84,1.61,14.68,Platinum,2020-05-24 12:05:02.950351,PSN
16,Echo,OFFENSE,2.10,49.30,2.33,8.77,Platinum,2020-05-24 12:05:02.950351,PSN
17,Pharah,OFFENSE,1.99,52.23,2.36,18.04,Platinum,2020-05-24 12:05:02.950351,PSN
18,Orisa,TANK,1.89,51.55,1.71,8.49,Platinum,2020-05-24 12:05:02.950351,PSN
19,Baptiste,SUPPORT,1.67,46.16,3.12,12.47,Platinum,2020-05-24 12:05:02.950351,PSN
20,Brigitte,SUPPORT,1.63,56.86,1.69,8.68,Platinum,2020-05-24 12:05:02.950351,PSN
21,Tracer,OFFENSE,1.57,48.78,1.09,8.98,Platinum,2020-05-24 12:05:02.950351,PSN
22,Zenyatta,SUPPORT,1.33,52.09,1.81,9.86,Platinum,2020-05-24 12:05:02.950351,PSN
23,Doomfist,OFFENSE,1.29,52.36,1.75,7.79,Platinum,2020-05-24 12:05:02.950351,PSN
24,Winston,TANK,1.22,48.32,1.43,6.42,Platinum,2020-05-24 12:05:02.950351,PSN
25,Torbjörn,DEFENSE,1.10,57.76,3.00,8.75,Platinum,2020-05-24 12:05:02.950351,PSN
26,Hanzo,DEFENSE,1.06,47.74,1.91,11.44,Platinum,2020-05-24 12:05:02.950351,PSN
27,Widowmaker,DEFENSE,0.89,48.38,1.46,7.75,Platinum,2020-05-24 12:05:02.950351,PSN
28,Sombra,OFFENSE,0.76,46.33,1.79,14.95,Platinum,2020-05-24 12:05:02.950351,PSN
29,Mei,DEFENSE,0.67,47.56,2.75,7.50,Platinum,2020-05-24 12:05:02.950351,PSN
30,Symmetra,SUPPORT,0.65,58.36,2.92,10.32,Platinum,2020-05-24 12:05:02.950351,PSN
31,Bastion,DEFENSE,0.28,55.76,2.05,16.83,Platinum,2020-05-24 12:05:02.950351,PSN
0,Reinhardt,TANK,12.25,53.37,2.62,7.62,Diamond,2020-05-24 12:05:46.713518,PSN
1,Mercy,SUPPORT,8.96,53.63,2.25,2.63,Diamond,2020-05-24 12:05:46.713518,PSN
2,Moira,SUPPORT,8.33,52.16,2.28,10.59,Diamond,2020-05-24 12:05:46.713518,PSN
3,Zarya,TANK,6.54,55.08,2.84,14.73,Diamond,2020-05-24 12:05:46.713518,PSN
4,Ana,SUPPORT,6.21,51.32,2.12,9.82,Diamond,2020-05-24 12:05:46.713518,PSN
5,Ashe,OFFENSE,6.08,54.54,2.46,13.42,Diamond,2020-05-24 12:05:46.713518,PSN
6,Lúcio,SUPPORT,5.75,55.59,2.12,13.80,Diamond,2020-05-24 12:05:46.713518,PSN
7,Roadhog,TANK,5.26,53.11,1.76,12.36,Diamond,2020-05-24 12:05:46.713518,PSN
8,McCree,OFFENSE,4.22,49.19,1.66,10.25,Diamond,2020-05-24 12:05:46.713518,PSN
9,Sigma,TANK,3.27,51.63,2.25,14.26,Diamond,2020-05-24 12:05:46.713518,PSN
10,Soldier: 76,OFFENSE,2.74,53.27,2.22,11.89,Diamond,2020-05-24 12:05:46.713518,PSN
11,Wrecking Ball,TANK,2.72,52.67,1.48,3.91,Diamond,2020-05-24 12:05:46.713518,PSN
12,D.Va,TANK,2.39,53.20,2.19,9.75,Diamond,2020-05-24 12:05:46.713518,PSN
13,Pharah,OFFENSE,2.14,55.35,2.09,18.78,Diamond,2020-05-24 12:05:46.713518,PSN
14,Orisa,TANK,2.10,53.91,1.67,9.10,Diamond,2020-05-24 12:05:46.713518,PSN
15,Echo,OFFENSE,2.06,51.60,1.96,9.25,Diamond,2020-05-24 12:05:46.713518,PSN
16,Genji,OFFENSE,1.96,48.77,1.67,11.79,Diamond,2020-05-24 12:05:46.713518,PSN
17,Brigitte,SUPPORT,1.80,59.12,1.31,8.11,Diamond,2020-05-24 12:05:46.713518,PSN
18,Junkrat,DEFENSE,1.74,56.60,2.46,11.98,Diamond,2020-05-24 12:05:46.713518,PSN
19,Tracer,OFFENSE,1.58,52.58,1.21,9.72,Diamond,2020-05-24 12:05:46.713518,PSN
20,Reaper,OFFENSE,1.45,53.30,1.85,14.63,Diamond,2020-05-24 12:05:46.713518,PSN
21,Baptiste,SUPPORT,1.44,50.34,2.54,12.40,Diamond,2020-05-24 12:05:46.713518,PSN
22,Doomfist,OFFENSE,1.28,53.28,1.85,7.52,Diamond,2020-05-24 12:05:46.713518,PSN
23,Widowmaker,DEFENSE,1.16,49.75,1.27,7.48,Diamond,2020-05-24 12:05:46.713518,PSN
24,Winston,TANK,1.08,46.77,1.01,6.55,Diamond,2020-05-24 12:05:46.713518,PSN
25,Hanzo,DEFENSE,1.06,47.51,2.34,11.57,Diamond,2020-05-24 12:05:46.713518,PSN
26,Torbjörn,DEFENSE,1.06,56.21,2.34,8.10,Diamond,2020-05-24 12:05:46.713518,PSN
27,Zenyatta,SUPPORT,0.98,56.59,1.63,9.43,Diamond,2020-05-24 12:05:46.713518,PSN
28,Sombra,OFFENSE,0.97,50.57,1.85,15.54,Diamond,2020-05-24 12:05:46.713518,PSN
29,Symmetra,SUPPORT,0.65,55.76,2.54,9.63,Diamond,2020-05-24 12:05:46.713518,PSN
30,Mei,DEFENSE,0.53,47.29,1.46,6.73,Diamond,2020-05-24 12:05:46.713518,PSN
31,Bastion,DEFENSE,0.24,62.26,2.16,16.65,Diamond,2020-05-24 12:05:46.713518,PSN
0,Mercy,SUPPORT,11.80,52.47,1.96,2.40,Master,2020-05-24 12:06:30.358416,PSN
1,Reinhardt,TANK,11.51,54.91,2.29,6.42,Master,2020-05-24 12:06:30.358416,PSN
2,Moira,SUPPORT,8.37,51.95,1.98,9.27,Master,2020-05-24 12:06:30.358416,PSN
3,Ashe,OFFENSE,6.95,53.51,2.36,14.77,Master,2020-05-24 12:06:30.358416,PSN
4,Zarya,TANK,5.62,53.78,2.15,14.76,Master,2020-05-24 12:06:30.358416,PSN
5,Ana,SUPPORT,5.35,50.53,1.61,8.75,Master,2020-05-24 12:06:30.358416,PSN
6,Roadhog,TANK,5.29,53.36,1.51,10.66,Master,2020-05-24 12:06:30.358416,PSN
7,Lúcio,SUPPORT,5.08,53.10,1.93,12.34,Master,2020-05-24 12:06:30.358416,PSN
8,McCree,OFFENSE,4.28,52.66,1.29,10.24,Master,2020-05-24 12:06:30.358416,PSN
9,Orisa,TANK,3.66,52.90,1.62,7.83,Master,2020-05-24 12:06:30.358416,PSN
10,Sigma,TANK,3.65,54.83,1.74,13.43,Master,2020-05-24 12:06:30.358416,PSN
11,Wrecking Ball,TANK,3.07,51.35,1.27,3.40,Master,2020-05-24 12:06:30.358416,PSN
12,Soldier: 76,OFFENSE,2.51,52.24,1.79,11.24,Master,2020-05-24 12:06:30.358416,PSN
13,Pharah,OFFENSE,2.45,54.83,1.26,16.75,Master,2020-05-24 12:06:30.358416,PSN
14,Brigitte,SUPPORT,2.13,55.53,2.69,5.67,Master,2020-05-24 12:06:30.358416,PSN
15,D.Va,TANK,1.75,50.06,1.29,7.53,Master,2020-05-24 12:06:30.358416,PSN
16,Tracer,OFFENSE,1.68,50.86,1.22,8.88,Master,2020-05-24 12:06:30.358416,PSN
17,Echo,OFFENSE,1.55,51.74,1.32,8.74,Master,2020-05-24 12:06:30.358416,PSN
18,Widowmaker,DEFENSE,1.46,49.93,1.26,8.29,Master,2020-05-24 12:06:30.358416,PSN
19,Sombra,OFFENSE,1.33,51.88,1.39,13.31,Master,2020-05-24 12:06:30.358416,PSN
20,Genji,OFFENSE,1.25,48.16,2.13,11.05,Master,2020-05-24 12:06:30.358416,PSN
21,Baptiste,SUPPORT,1.16,49.46,1.41,10.89,Master,2020-05-24 12:06:30.358416,PSN
22,Junkrat,DEFENSE,1.12,57.66,3.29,10.36,Master,2020-05-24 12:06:30.358416,PSN
23,Torbjörn,DEFENSE,0.98,53.94,2.29,7.55,Master,2020-05-24 12:06:30.358416,PSN
24,Winston,TANK,0.96,48.70,1.91,4.83,Master,2020-05-24 12:06:30.358416,PSN
25,Hanzo,DEFENSE,0.93,46.50,2.21,10.38,Master,2020-05-24 12:06:30.358416,PSN
26,Doomfist,OFFENSE,0.88,51.42,1.40,6.72,Master,2020-05-24 12:06:30.358416,PSN
27,Reaper,OFFENSE,0.83,54.09,0.74,12.57,Master,2020-05-24 12:06:30.358416,PSN
28,Zenyatta,SUPPORT,0.73,53.39,1.12,6.62,Master,2020-05-24 12:06:30.358416,PSN
29,Mei,DEFENSE,0.68,47.24,2.10,5.71,Master,2020-05-24 12:06:30.358416,PSN
30,Symmetra,SUPPORT,0.59,58.63,3.47,7.35,Master,2020-05-24 12:06:30.358416,PSN
31,Bastion,DEFENSE,0.38,52.22,2.70,15.40,Master,2020-05-24 12:06:30.358416,PSN
0,Mercy,SUPPORT,15.23,55.60,2.11,2.45,Grandmaster,2020-05-24 12:07:13.975214,PSN
1,Reinhardt,TANK,8.35,55.61,1.73,6.26,Grandmaster,2020-05-24 12:07:13.975214,PSN
2,Moira,SUPPORT,6.86,52.46,1.72,9.08,Grandmaster,2020-05-24 12:07:13.975214,PSN
3,Ashe,OFFENSE,6.70,55.43,1.44,16.11,Grandmaster,2020-05-24 12:07:13.975214,PSN
4,Roadhog,TANK,6.48,53.19,1.57,10.27,Grandmaster,2020-05-24 12:07:13.975214,PSN
5,Lúcio,SUPPORT,4.96,55.18,1.08,13.44,Grandmaster,2020-05-24 12:07:13.975214,PSN
6,Wrecking Ball,TANK,4.66,56.22,2.07,3.94,Grandmaster,2020-05-24 12:07:13.975214,PSN
7,McCree,OFFENSE,4.63,52.80,0.81,11.57,Grandmaster,2020-05-24 12:07:13.975214,PSN
8,Brigitte,SUPPORT,4.39,56.77,1.10,6.26,Grandmaster,2020-05-24 12:07:13.975214,PSN
9,Orisa,TANK,4.16,56.68,1.67,8.50,Grandmaster,2020-05-24 12:07:13.975214,PSN
10,Zarya,TANK,4.14,56.30,1.55,15.34,Grandmaster,2020-05-24 12:07:13.975214,PSN
11,Ana,SUPPORT,4.08,53.21,1.84,8.38,Grandmaster,2020-05-24 12:07:13.975214,PSN
12,Sigma,TANK,3.88,53.51,1.79,12.55,Grandmaster,2020-05-24 12:07:13.975214,PSN
13,D.Va,TANK,2.27,54.98,0.71,8.23,Grandmaster,2020-05-24 12:07:13.975214,PSN
14,Tracer,OFFENSE,2.22,55.69,0.48,9.86,Grandmaster,2020-05-24 12:07:13.975214,PSN
15,Pharah,OFFENSE,2.09,52.74,1.79,16.65,Grandmaster,2020-05-24 12:07:13.975214,PSN
16,Widowmaker,DEFENSE,1.97,56.28,0.81,9.84,Grandmaster,2020-05-24 12:07:13.975214,PSN
17,Soldier: 76,OFFENSE,1.87,55.20,0.86,11.57,Grandmaster,2020-05-24 12:07:13.975214,PSN
18,Torbjörn,DEFENSE,1.47,58.52,1.82,6.31,Grandmaster,2020-05-24 12:07:13.975214,PSN
19,Echo,OFFENSE,1.38,57.60,3.10,9.59,Grandmaster,2020-05-24 12:07:13.975214,PSN
20,Hanzo,DEFENSE,1.31,47.92,2.04,12.47,Grandmaster,2020-05-24 12:07:13.975214,PSN
21,Junkrat,DEFENSE,0.97,56.98,1.65,9.31,Grandmaster,2020-05-24 12:07:13.975214,PSN
22,Doomfist,OFFENSE,0.94,54.97,2.29,8.26,Grandmaster,2020-05-24 12:07:13.975214,PSN
23,Winston,TANK,0.84,48.72,0.64,5.18,Grandmaster,2020-05-24 12:07:13.975214,PSN
24,Baptiste,SUPPORT,0.71,49.62,0.76,12.21,Grandmaster,2020-05-24 12:07:13.975214,PSN
25,Zenyatta,SUPPORT,0.66,43.09,0.00,5.54,Grandmaster,2020-05-24 12:07:13.975214,PSN
26,Bastion,DEFENSE,0.60,49.11,0.88,12.71,Grandmaster,2020-05-24 12:07:13.975214,PSN
27,Reaper,OFFENSE,0.60,57.14,0.00,11.94,Grandmaster,2020-05-24 12:07:13.975214,PSN
28,Mei,DEFENSE,0.43,46.84,1.25,5.74,Grandmaster,2020-05-24 12:07:13.975214,PSN
29,Sombra,OFFENSE,0.42,41.77,0.00,11.15,Grandmaster,2020-05-24 12:07:13.975214,PSN
30,Genji,OFFENSE,0.41,59.21,1.30,12.84,Grandmaster,2020-05-24 12:07:13.975214,PSN
31,Symmetra,SUPPORT,0.32,48.33,0.00,10.24,Grandmaster,2020-05-24 12:07:13.975214,PSN
0,Reinhardt,TANK,11.68,51.61,2.60,7.14,All,2020-05-24 12:08:38.119908,XBox
1,Moira,SUPPORT,9.55,50.02,2.54,10.13,All,2020-05-24 12:08:38.119908,XBox
2,Mercy,SUPPORT,7.21,50.66,2.64,2.35,All,2020-05-24 12:08:38.119908,XBox
3,Lúcio,SUPPORT,6.73,53.08,2.23,12.93,All,2020-05-24 12:08:38.119908,XBox
4,Ana,SUPPORT,6.39,48.89,2.23,9.06,All,2020-05-24 12:08:38.119908,XBox
5,Zarya,TANK,6.06,52.15,2.55,13.33,All,2020-05-24 12:08:38.119908,XBox
6,Ashe,OFFENSE,4.51,53.34,2.23,10.85,All,2020-05-24 12:08:38.119908,XBox
7,Roadhog,TANK,4.06,49.41,1.88,10.80,All,2020-05-24 12:08:38.119908,XBox
8,McCree,OFFENSE,3.59,48.31,1.55,9.31,All,2020-05-24 12:08:38.119908,XBox
9,Sigma,TANK,3.55,51.18,2.46,13.74,All,2020-05-24 12:08:38.119908,XBox
10,Junkrat,DEFENSE,3.07,53.05,3.04,12.52,All,2020-05-24 12:08:38.119908,XBox
11,D.Va,TANK,2.98,49.39,2.10,8.45,All,2020-05-24 12:08:38.119908,XBox
12,Soldier: 76,OFFENSE,2.66,49.40,1.87,10.98,All,2020-05-24 12:08:38.119908,XBox
13,Wrecking Ball,TANK,2.39,50.34,1.82,3.40,All,2020-05-24 12:08:38.119908,XBox
14,Echo,OFFENSE,2.34,49.27,2.04,8.00,All,2020-05-24 12:08:38.119908,XBox
15,Reaper,OFFENSE,2.26,51.01,1.75,14.53,All,2020-05-24 12:08:38.119908,XBox
16,Orisa,TANK,2.23,51.08,2.40,7.90,All,2020-05-24 12:08:38.119908,XBox
17,Brigitte,SUPPORT,2.12,56.07,1.55,8.18,All,2020-05-24 12:08:38.119908,XBox
18,Baptiste,SUPPORT,1.88,47.40,2.70,12.14,All,2020-05-24 12:08:38.119908,XBox
19,Genji,OFFENSE,1.81,48.11,2.13,10.16,All,2020-05-24 12:08:38.119908,XBox
20,Tracer,OFFENSE,1.50,48.28,1.41,8.78,All,2020-05-24 12:08:38.119908,XBox
21,Torbjörn,DEFENSE,1.47,57.90,2.48,8.48,All,2020-05-24 12:08:38.119908,XBox
22,Zenyatta,SUPPORT,1.37,52.72,1.97,9.43,All,2020-05-24 12:08:38.119908,XBox
23,Winston,TANK,1.25,48.74,1.76,5.86,All,2020-05-24 12:08:38.119908,XBox
24,Doomfist,OFFENSE,1.25,51.65,1.77,7.11,All,2020-05-24 12:08:38.119908,XBox
25,Pharah,OFFENSE,1.20,52.18,2.10,14.02,All,2020-05-24 12:08:38.119908,XBox
26,Hanzo,DEFENSE,1.05,46.93,2.09,10.87,All,2020-05-24 12:08:38.119908,XBox
27,Widowmaker,DEFENSE,0.99,50.19,1.45,7.44,All,2020-05-24 12:08:38.119908,XBox
28,Mei,DEFENSE,0.84,49.06,1.91,7.65,All,2020-05-24 12:08:38.119908,XBox
29,Symmetra,SUPPORT,0.81,57.66,3.01,9.29,All,2020-05-24 12:08:38.119908,XBox
30,Sombra,OFFENSE,0.70,46.70,1.81,13.39,All,2020-05-24 12:08:38.119908,XBox
31,Bastion,DEFENSE,0.51,53.44,2.05,16.42,All,2020-05-24 12:08:38.119908,XBox
0,Moira,SUPPORT,9.61,47.31,2.37,9.47,Bronze,2020-05-24 12:09:22.500610,XBox
1,Mercy,SUPPORT,8.07,45.23,1.64,1.66,Bronze,2020-05-24 12:09:22.500610,XBox
2,Reinhardt,TANK,6.66,47.77,3.06,6.15,Bronze,2020-05-24 12:09:22.500610,XBox
3,Lúcio,SUPPORT,6.46,50.38,2.97,11.90,Bronze,2020-05-24 12:09:22.500610,XBox
4,D.Va,TANK,6.42,42.99,1.31,6.88,Bronze,2020-05-24 12:09:22.500610,XBox
5,Orisa,TANK,5.84,47.26,2.67,5.82,Bronze,2020-05-24 12:09:22.500610,XBox
6,Soldier: 76,OFFENSE,3.94,45.68,1.22,10.39,Bronze,2020-05-24 12:09:22.500610,XBox
7,Junkrat,DEFENSE,3.67,44.63,2.61,11.05,Bronze,2020-05-24 12:09:22.500610,XBox
8,Ashe,OFFENSE,3.48,47.69,3.10,7.55,Bronze,2020-05-24 12:09:22.500610,XBox
9,Zarya,TANK,3.44,42.76,1.39,9.46,Bronze,2020-05-24 12:09:22.500610,XBox
10,Sigma,TANK,3.42,46.59,2.11,10.59,Bronze,2020-05-24 12:09:22.500610,XBox
11,Ana,SUPPORT,3.12,40.78,1.92,6.81,Bronze,2020-05-24 12:09:22.500610,XBox
12,Roadhog,TANK,3.02,45.49,3.17,9.76,Bronze,2020-05-24 12:09:22.500610,XBox
13,Brigitte,SUPPORT,2.88,45.06,2.92,8.19,Bronze,2020-05-24 12:09:22.500610,XBox
14,Reaper,OFFENSE,2.57,46.41,2.34,13.21,Bronze,2020-05-24 12:09:22.500610,XBox
15,Baptiste,SUPPORT,2.45,44.00,1.96,7.91,Bronze,2020-05-24 12:09:22.500610,XBox
16,Torbjörn,DEFENSE,2.38,55.90,1.52,11.02,Bronze,2020-05-24 12:09:22.500610,XBox
17,Echo,OFFENSE,2.29,41.80,1.05,9.31,Bronze,2020-05-24 12:09:22.500610,XBox
18,Wrecking Ball,TANK,2.28,44.62,2.11,2.91,Bronze,2020-05-24 12:09:22.500610,XBox
19,Zenyatta,SUPPORT,1.94,47.77,3.09,12.49,Bronze,2020-05-24 12:09:22.500610,XBox
20,Sombra,OFFENSE,1.85,35.53,1.30,9.17,Bronze,2020-05-24 12:09:22.500610,XBox
21,Winston,TANK,1.72,43.97,1.40,4.35,Bronze,2020-05-24 12:09:22.500610,XBox
22,McCree,OFFENSE,1.72,48.55,3.50,8.60,Bronze,2020-05-24 12:09:22.500610,XBox
23,Symmetra,SUPPORT,1.70,54.68,2.11,8.05,Bronze,2020-05-24 12:09:22.500610,XBox
24,Tracer,OFFENSE,1.48,42.50,2.44,7.37,Bronze,2020-05-24 12:09:22.500610,XBox
25,Genji,OFFENSE,1.45,43.97,4.13,10.23,Bronze,2020-05-24 12:09:22.500610,XBox
26,Pharah,OFFENSE,1.43,44.92,0.84,6.75,Bronze,2020-05-24 12:09:22.500610,XBox
27,Bastion,DEFENSE,1.38,56.14,0.87,16.33,Bronze,2020-05-24 12:09:22.500610,XBox
28,Hanzo,DEFENSE,1.37,45.45,3.51,11.40,Bronze,2020-05-24 12:09:22.500610,XBox
29,Mei,DEFENSE,0.90,44.00,0.00,9.85,Bronze,2020-05-24 12:09:22.500610,XBox
30,Widowmaker,DEFENSE,0.62,44.23,0.00,5.11,Bronze,2020-05-24 12:09:22.500610,XBox
31,Doomfist,OFFENSE,0.43,36.11,0.00,6.01,Bronze,2020-05-24 12:09:22.500610,XBox
0,Moira,SUPPORT,10.51,47.96,2.25,9.19,Silver,2020-05-24 12:10:05.942616,XBox
1,Reinhardt,TANK,8.80,49.67,2.39,6.33,Silver,2020-05-24 12:10:05.942616,XBox
2,Lúcio,SUPPORT,7.78,51.02,2.27,11.86,Silver,2020-05-24 12:10:05.942616,XBox
3,Mercy,SUPPORT,7.41,48.81,2.50,1.65,Silver,2020-05-24 12:10:05.942616,XBox
4,D.Va,TANK,6.12,46.69,2.27,7.61,Silver,2020-05-24 12:10:05.942616,XBox
5,Zarya,TANK,4.55,47.29,2.23,9.63,Silver,2020-05-24 12:10:05.942616,XBox
6,Junkrat,DEFENSE,4.46,51.07,2.82,12.53,Silver,2020-05-24 12:10:05.942616,XBox
7,Ana,SUPPORT,4.08,45.44,2.06,7.25,Silver,2020-05-24 12:10:05.942616,XBox
8,Orisa,TANK,4.00,51.48,3.09,6.86,Silver,2020-05-24 12:10:05.942616,XBox
9,Sigma,TANK,3.61,49.53,3.00,11.44,Silver,2020-05-24 12:10:05.942616,XBox
10,Soldier: 76,OFFENSE,3.43,47.14,1.99,11.26,Silver,2020-05-24 12:10:05.942616,XBox
11,Roadhog,TANK,3.43,45.82,1.54,8.98,Silver,2020-05-24 12:10:05.942616,XBox
12,Ashe,OFFENSE,3.36,50.40,2.04,8.19,Silver,2020-05-24 12:10:05.942616,XBox
13,Reaper,OFFENSE,2.70,48.21,1.72,15.02,Silver,2020-05-24 12:10:05.942616,XBox
14,McCree,OFFENSE,2.35,47.08,1.69,8.13,Silver,2020-05-24 12:10:05.942616,XBox
15,Echo,OFFENSE,2.28,47.23,2.23,7.28,Silver,2020-05-24 12:10:05.942616,XBox
16,Wrecking Ball,TANK,2.17,45.38,1.83,2.66,Silver,2020-05-24 12:10:05.942616,XBox
17,Brigitte,SUPPORT,2.13,55.31,1.55,8.00,Silver,2020-05-24 12:10:05.942616,XBox
18,Baptiste,SUPPORT,1.81,48.32,2.19,10.24,Silver,2020-05-24 12:10:05.942616,XBox
19,Torbjörn,DEFENSE,1.61,57.16,2.33,9.00,Silver,2020-05-24 12:10:05.942616,XBox
20,Zenyatta,SUPPORT,1.56,51.52,2.40,9.61,Silver,2020-05-24 12:10:05.942616,XBox
21,Winston,TANK,1.52,49.25,2.90,4.94,Silver,2020-05-24 12:10:05.942616,XBox
22,Tracer,OFFENSE,1.50,45.60,1.18,7.47,Silver,2020-05-24 12:10:05.942616,XBox
23,Pharah,OFFENSE,1.44,50.55,2.15,10.21,Silver,2020-05-24 12:10:05.942616,XBox
24,Genji,OFFENSE,1.31,47.17,1.85,7.50,Silver,2020-05-24 12:10:05.942616,XBox
25,Mei,DEFENSE,1.17,49.81,0.76,8.64,Silver,2020-05-24 12:10:05.942616,XBox
26,Hanzo,DEFENSE,1.02,49.00,1.96,10.36,Silver,2020-05-24 12:10:05.942616,XBox
27,Bastion,DEFENSE,0.91,49.75,1.95,15.83,Silver,2020-05-24 12:10:05.942616,XBox
28,Symmetra,SUPPORT,0.86,59.04,3.34,8.34,Silver,2020-05-24 12:10:05.942616,XBox
29,Doomfist,OFFENSE,0.86,48.05,0.77,5.96,Silver,2020-05-24 12:10:05.942616,XBox
30,Widowmaker,DEFENSE,0.67,46.67,1.32,5.53,Silver,2020-05-24 12:10:05.942616,XBox
31,Sombra,OFFENSE,0.61,40.15,1.44,9.89,Silver,2020-05-24 12:10:05.942616,XBox
0,Reinhardt,TANK,10.82,50.65,2.72,6.79,Gold,2020-05-24 12:10:48.660830,XBox
1,Moira,SUPPORT,9.85,48.68,2.53,9.85,Gold,2020-05-24 12:10:48.660830,XBox
2,Mercy,SUPPORT,7.10,49.45,2.76,1.97,Gold,2020-05-24 12:10:48.660830,XBox
3,Lúcio,SUPPORT,6.94,53.10,2.21,12.61,Gold,2020-05-24 12:10:48.660830,XBox
4,Zarya,TANK,5.71,51.08,2.53,11.63,Gold,2020-05-24 12:10:48.660830,XBox
5,Ana,SUPPORT,5.69,46.18,2.24,8.56,Gold,2020-05-24 12:10:48.660830,XBox
6,D.Va,TANK,3.97,49.43,2.29,8.79,Gold,2020-05-24 12:10:48.660830,XBox
7,Junkrat,DEFENSE,3.91,52.33,3.03,12.70,Gold,2020-05-24 12:10:48.660830,XBox
8,Ashe,OFFENSE,3.87,50.72,1.88,9.55,Gold,2020-05-24 12:10:48.660830,XBox
9,Sigma,TANK,3.75,50.56,2.13,12.53,Gold,2020-05-24 12:10:48.660830,XBox
10,Roadhog,TANK,3.40,47.20,1.67,8.99,Gold,2020-05-24 12:10:48.660830,XBox
11,Orisa,TANK,2.88,50.89,2.68,7.74,Gold,2020-05-24 12:10:48.660830,XBox
12,McCree,OFFENSE,2.79,47.10,1.72,8.67,Gold,2020-05-24 12:10:48.660830,XBox
13,Soldier: 76,OFFENSE,2.74,48.23,1.70,11.00,Gold,2020-05-24 12:10:48.660830,XBox
14,Echo,OFFENSE,2.54,48.01,2.05,7.65,Gold,2020-05-24 12:10:48.660830,XBox
15,Reaper,OFFENSE,2.52,49.71,1.81,14.86,Gold,2020-05-24 12:10:48.660830,XBox
16,Wrecking Ball,TANK,2.18,49.22,2.16,2.90,Gold,2020-05-24 12:10:48.660830,XBox
17,Brigitte,SUPPORT,2.12,55.07,1.40,8.39,Gold,2020-05-24 12:10:48.660830,XBox
18,Baptiste,SUPPORT,1.94,45.83,2.75,11.58,Gold,2020-05-24 12:10:48.660830,XBox
19,Genji,OFFENSE,1.91,47.57,2.00,10.39,Gold,2020-05-24 12:10:48.660830,XBox
20,Zenyatta,SUPPORT,1.65,50.02,1.89,9.53,Gold,2020-05-24 12:10:48.660830,XBox
21,Winston,TANK,1.58,49.38,1.58,5.64,Gold,2020-05-24 12:10:48.660830,XBox
22,Torbjörn,DEFENSE,1.47,56.98,2.46,8.96,Gold,2020-05-24 12:10:48.660830,XBox
23,Pharah,OFFENSE,1.41,52.27,2.07,13.08,Gold,2020-05-24 12:10:48.660830,XBox
24,Tracer,OFFENSE,1.40,47.00,1.39,9.59,Gold,2020-05-24 12:10:48.660830,XBox
25,Doomfist,OFFENSE,1.20,49.29,1.74,7.11,Gold,2020-05-24 12:10:48.660830,XBox
26,Symmetra,SUPPORT,0.98,57.31,3.10,9.83,Gold,2020-05-24 12:10:48.660830,XBox
27,Mei,DEFENSE,0.91,48.13,2.13,8.01,Gold,2020-05-24 12:10:48.660830,XBox
28,Hanzo,DEFENSE,0.89,45.88,2.27,10.77,Gold,2020-05-24 12:10:48.660830,XBox
29,Widowmaker,DEFENSE,0.66,46.29,1.26,5.56,Gold,2020-05-24 12:10:48.660830,XBox
30,Bastion,DEFENSE,0.64,53.72,2.80,19.06,Gold,2020-05-24 12:10:48.660830,XBox
31,Sombra,OFFENSE,0.57,44.50,1.21,12.73,Gold,2020-05-24 12:10:48.660830,XBox
0,Reinhardt,TANK,11.74,51.34,2.71,7.55,Platinum,2020-05-24 12:11:31.109595,XBox
1,Moira,SUPPORT,9.97,50.36,2.69,10.49,Platinum,2020-05-24 12:11:31.109595,XBox
2,Ana,SUPPORT,7.16,48.66,2.48,9.31,Platinum,2020-05-24 12:11:31.109595,XBox
3,Mercy,SUPPORT,7.11,50.46,2.73,2.56,Platinum,2020-05-24 12:11:31.109595,XBox
4,Lúcio,SUPPORT,6.63,52.84,2.35,13.42,Platinum,2020-05-24 12:11:31.109595,XBox
5,Zarya,TANK,6.11,51.50,2.70,13.66,Platinum,2020-05-24 12:11:31.109595,XBox
6,Ashe,OFFENSE,4.75,53.99,2.30,10.98,Platinum,2020-05-24 12:11:31.109595,XBox
7,Roadhog,TANK,4.06,49.10,2.18,11.60,Platinum,2020-05-24 12:11:31.109595,XBox
8,McCree,OFFENSE,3.68,47.52,1.49,9.34,Platinum,2020-05-24 12:11:31.109595,XBox
9,Sigma,TANK,3.44,51.18,2.62,14.55,Platinum,2020-05-24 12:11:31.109595,XBox
10,Junkrat,DEFENSE,2.98,53.42,3.30,12.67,Platinum,2020-05-24 12:11:31.109595,XBox
11,Soldier: 76,OFFENSE,2.59,49.22,1.89,11.47,Platinum,2020-05-24 12:11:31.109595,XBox
12,D.Va,TANK,2.48,50.90,1.96,8.83,Platinum,2020-05-24 12:11:31.109595,XBox
13,Echo,OFFENSE,2.43,49.50,2.30,8.08,Platinum,2020-05-24 12:11:31.109595,XBox
14,Wrecking Ball,TANK,2.32,49.26,2.00,3.45,Platinum,2020-05-24 12:11:31.109595,XBox
15,Reaper,OFFENSE,2.28,50.64,1.84,14.81,Platinum,2020-05-24 12:11:31.109595,XBox
16,Baptiste,SUPPORT,1.96,46.99,2.79,12.23,Platinum,2020-05-24 12:11:31.109595,XBox
17,Brigitte,SUPPORT,1.94,55.47,1.41,8.87,Platinum,2020-05-24 12:11:31.109595,XBox
18,Genji,OFFENSE,1.94,47.09,2.32,10.34,Platinum,2020-05-24 12:11:31.109595,XBox
19,Orisa,TANK,1.72,51.41,1.99,8.58,Platinum,2020-05-24 12:11:31.109595,XBox
20,Zenyatta,SUPPORT,1.42,53.54,1.94,9.69,Platinum,2020-05-24 12:11:31.109595,XBox
21,Tracer,OFFENSE,1.41,48.46,1.35,8.52,Platinum,2020-05-24 12:11:31.109595,XBox
22,Torbjörn,DEFENSE,1.40,58.85,2.73,8.76,Platinum,2020-05-24 12:11:31.109595,XBox
23,Doomfist,OFFENSE,1.39,52.32,2.01,7.54,Platinum,2020-05-24 12:11:31.109595,XBox
24,Pharah,OFFENSE,1.29,51.09,2.09,14.95,Platinum,2020-05-24 12:11:31.109595,XBox
25,Winston,TANK,1.17,47.84,1.86,6.36,Platinum,2020-05-24 12:11:31.109595,XBox
26,Hanzo,DEFENSE,1.06,46.20,1.95,10.86,Platinum,2020-05-24 12:11:31.109595,XBox
27,Widowmaker,DEFENSE,0.98,49.95,1.75,7.71,Platinum,2020-05-24 12:11:31.109595,XBox
28,Symmetra,SUPPORT,0.76,58.06,3.26,9.49,Platinum,2020-05-24 12:11:31.109595,XBox
29,Mei,DEFENSE,0.74,49.04,2.09,7.83,Platinum,2020-05-24 12:11:31.109595,XBox
30,Sombra,OFFENSE,0.73,48.87,2.13,14.77,Platinum,2020-05-24 12:11:31.109595,XBox
31,Bastion,DEFENSE,0.37,54.63,1.52,15.04,Platinum,2020-05-24 12:11:31.109595,XBox
0,Reinhardt,TANK,13.48,52.76,2.45,7.31,Diamond,2020-05-24 12:12:13.550737,XBox
1,Moira,SUPPORT,8.63,52.08,2.41,10.61,Diamond,2020-05-24 12:12:13.550737,XBox
2,Zarya,TANK,7.14,54.81,2.80,15.14,Diamond,2020-05-24 12:12:13.550737,XBox
3,Mercy,SUPPORT,7.02,52.42,2.56,2.78,Diamond,2020-05-24 12:12:13.550737,XBox
4,Ana,SUPPORT,7.00,51.45,1.88,9.69,Diamond,2020-05-24 12:12:13.550737,XBox
5,Lúcio,SUPPORT,6.65,53.96,1.95,13.35,Diamond,2020-05-24 12:12:13.550737,XBox
6,Ashe,OFFENSE,5.26,55.23,2.55,12.22,Diamond,2020-05-24 12:12:13.550737,XBox
7,Roadhog,TANK,4.89,51.91,1.84,11.78,Diamond,2020-05-24 12:12:13.550737,XBox
8,McCree,OFFENSE,4.58,49.22,1.50,10.09,Diamond,2020-05-24 12:12:13.550737,XBox
9,Sigma,TANK,3.31,52.25,2.57,14.95,Diamond,2020-05-24 12:12:13.550737,XBox
10,Wrecking Ball,TANK,2.61,53.99,1.52,4.07,Diamond,2020-05-24 12:12:13.550737,XBox
11,Soldier: 76,OFFENSE,2.44,51.66,2.30,10.42,Diamond,2020-05-24 12:12:13.550737,XBox
12,Echo,OFFENSE,2.21,51.55,1.62,8.72,Diamond,2020-05-24 12:12:13.550737,XBox
13,Junkrat,DEFENSE,2.17,56.33,2.77,12.43,Diamond,2020-05-24 12:12:13.550737,XBox
14,Brigitte,SUPPORT,2.04,60.16,2.03,8.14,Diamond,2020-05-24 12:12:13.550737,XBox
15,Genji,OFFENSE,2.00,50.54,2.27,10.38,Diamond,2020-05-24 12:12:13.550737,XBox
16,Reaper,OFFENSE,1.98,54.97,1.37,14.34,Diamond,2020-05-24 12:12:13.550737,XBox
17,Baptiste,SUPPORT,1.70,49.71,2.39,13.40,Diamond,2020-05-24 12:12:13.550737,XBox
18,D.Va,TANK,1.66,50.98,2.03,8.49,Diamond,2020-05-24 12:12:13.550737,XBox
19,Tracer,OFFENSE,1.64,48.53,1.53,9.17,Diamond,2020-05-24 12:12:13.550737,XBox
20,Torbjörn,DEFENSE,1.38,57.76,2.25,7.99,Diamond,2020-05-24 12:12:13.550737,XBox
21,Doomfist,OFFENSE,1.32,52.87,1.68,6.89,Diamond,2020-05-24 12:12:13.550737,XBox
22,Orisa,TANK,1.28,51.23,1.96,8.78,Diamond,2020-05-24 12:12:13.550737,XBox
23,Widowmaker,DEFENSE,1.26,54.01,1.31,8.47,Diamond,2020-05-24 12:12:13.550737,XBox
24,Hanzo,DEFENSE,1.11,48.23,2.08,11.50,Diamond,2020-05-24 12:12:13.550737,XBox
25,Winston,TANK,1.02,49.19,0.94,6.10,Diamond,2020-05-24 12:12:13.550737,XBox
26,Zenyatta,SUPPORT,0.96,56.72,1.60,8.64,Diamond,2020-05-24 12:12:13.550737,XBox
27,Pharah,OFFENSE,0.87,55.39,2.33,16.28,Diamond,2020-05-24 12:12:13.550737,XBox
28,Mei,DEFENSE,0.74,51.33,2.20,7.04,Diamond,2020-05-24 12:12:13.550737,XBox
29,Sombra,OFFENSE,0.71,48.54,2.05,14.03,Diamond,2020-05-24 12:12:13.550737,XBox
30,Symmetra,SUPPORT,0.60,58.46,3.24,9.02,Diamond,2020-05-24 12:12:13.550737,XBox
31,Bastion,DEFENSE,0.34,54.00,1.41,15.58,Diamond,2020-05-24 12:12:13.550737,XBox
0,Reinhardt,TANK,14.30,53.65,2.39,6.55,Master,2020-05-24 12:12:56.189352,XBox
1,Mercy,SUPPORT,8.07,53.68,2.58,2.42,Master,2020-05-24 12:12:56.189352,XBox
2,Moira,SUPPORT,7.81,51.49,2.67,9.58,Master,2020-05-24 12:12:56.189352,XBox
3,Zarya,TANK,7.12,55.50,1.67,14.80,Master,2020-05-24 12:12:56.189352,XBox
4,Ana,SUPPORT,6.79,53.73,2.39,9.06,Master,2020-05-24 12:12:56.189352,XBox
5,Lúcio,SUPPORT,6.12,54.26,2.32,12.29,Master,2020-05-24 12:12:56.189352,XBox
6,Roadhog,TANK,5.21,52.17,1.56,10.85,Master,2020-05-24 12:12:56.189352,XBox
7,Ashe,OFFENSE,5.04,55.29,2.24,11.76,Master,2020-05-24 12:12:56.189352,XBox
8,McCree,OFFENSE,4.89,50.66,1.66,9.26,Master,2020-05-24 12:12:56.189352,XBox
9,Sigma,TANK,3.68,52.70,2.51,14.12,Master,2020-05-24 12:12:56.189352,XBox
10,Wrecking Ball,TANK,2.97,54.98,0.98,3.48,Master,2020-05-24 12:12:56.189352,XBox
11,Brigitte,SUPPORT,2.56,56.64,1.13,6.15,Master,2020-05-24 12:12:56.189352,XBox
12,Soldier: 76,OFFENSE,2.39,53.68,1.09,9.35,Master,2020-05-24 12:12:56.189352,XBox
13,Baptiste,SUPPORT,1.79,48.58,3.39,13.69,Master,2020-05-24 12:12:56.189352,XBox
14,Widowmaker,DEFENSE,1.77,49.83,1.47,8.00,Master,2020-05-24 12:12:56.189352,XBox
15,Orisa,TANK,1.76,50.17,1.32,8.22,Master,2020-05-24 12:12:56.189352,XBox
16,Tracer,OFFENSE,1.73,52.81,1.68,7.96,Master,2020-05-24 12:12:56.189352,XBox
17,Reaper,OFFENSE,1.67,53.87,1.73,10.87,Master,2020-05-24 12:12:56.189352,XBox
18,Echo,OFFENSE,1.61,49.82,1.97,7.73,Master,2020-05-24 12:12:56.189352,XBox
19,Torbjörn,DEFENSE,1.58,58.11,2.93,5.81,Master,2020-05-24 12:12:56.189352,XBox
20,Junkrat,DEFENSE,1.45,54.73,2.99,10.05,Master,2020-05-24 12:12:56.189352,XBox
21,Hanzo,DEFENSE,1.27,47.56,2.05,10.01,Master,2020-05-24 12:12:56.189352,XBox
22,D.Va,TANK,1.25,50.00,1.62,7.25,Master,2020-05-24 12:12:56.189352,XBox
23,Genji,OFFENSE,1.15,50.13,0.50,9.57,Master,2020-05-24 12:12:56.189352,XBox
24,Doomfist,OFFENSE,1.14,54.64,1.77,6.07,Master,2020-05-24 12:12:56.189352,XBox
25,Mei,DEFENSE,0.91,49.19,1.59,5.38,Master,2020-05-24 12:12:56.189352,XBox
26,Zenyatta,SUPPORT,0.84,54.80,2.77,7.93,Master,2020-05-24 12:12:56.189352,XBox
27,Symmetra,SUPPORT,0.76,57.31,1.52,8.27,Master,2020-05-24 12:12:56.189352,XBox
28,Sombra,OFFENSE,0.76,49.22,2.29,11.80,Master,2020-05-24 12:12:56.189352,XBox
29,Winston,TANK,0.74,49.80,2.76,5.56,Master,2020-05-24 12:12:56.189352,XBox
30,Pharah,OFFENSE,0.67,56.25,2.61,14.84,Master,2020-05-24 12:12:56.189352,XBox
31,Bastion,DEFENSE,0.23,58.67,3.85,13.14,Master,2020-05-24 12:12:56.189352,XBox
0,Reinhardt,TANK,12.45,55.55,1.99,6.95,Grandmaster,2020-05-24 12:13:38.816996,XBox
1,Moira,SUPPORT,8.24,52.69,1.88,8.53,Grandmaster,2020-05-24 12:13:38.816996,XBox
2,Mercy,SUPPORT,8.10,55.77,1.66,2.57,Grandmaster,2020-05-24 12:13:38.816996,XBox
3,Ana,SUPPORT,7.10,54.69,0.73,8.57,Grandmaster,2020-05-24 12:13:38.816996,XBox
4,McCree,OFFENSE,6.12,53.99,0.51,9.32,Grandmaster,2020-05-24 12:13:38.816996,XBox
5,Ashe,OFFENSE,5.54,55.58,1.31,13.28,Grandmaster,2020-05-24 12:13:38.816996,XBox
6,Roadhog,TANK,4.81,54.13,1.08,10.75,Grandmaster,2020-05-24 12:13:38.816996,XBox
7,Sigma,TANK,4.57,55.17,1.58,15.28,Grandmaster,2020-05-24 12:13:38.816996,XBox
8,Zarya,TANK,4.37,55.18,1.89,15.36,Grandmaster,2020-05-24 12:13:38.816996,XBox
9,Lúcio,SUPPORT,4.25,60.79,1.95,11.93,Grandmaster,2020-05-24 12:13:38.816996,XBox
10,Brigitte,SUPPORT,4.11,54.85,1.51,5.16,Grandmaster,2020-05-24 12:13:38.816996,XBox
11,Wrecking Ball,TANK,3.49,49.25,0.89,4.04,Grandmaster,2020-05-24 12:13:38.816996,XBox
12,Orisa,TANK,3.19,54.82,2.59,7.42,Grandmaster,2020-05-24 12:13:38.816996,XBox
13,Tracer,OFFENSE,2.71,53.85,0.76,8.22,Grandmaster,2020-05-24 12:13:38.816996,XBox
14,Widowmaker,DEFENSE,2.18,54.07,0.95,8.12,Grandmaster,2020-05-24 12:13:38.816996,XBox
15,Torbjörn,DEFENSE,1.81,60.12,1.14,6.34,Grandmaster,2020-05-24 12:13:38.816996,XBox
16,Echo,OFFENSE,1.74,58.68,0.60,7.24,Grandmaster,2020-05-24 12:13:38.816996,XBox
17,Soldier: 76,OFFENSE,1.65,55.77,2.50,10.55,Grandmaster,2020-05-24 12:13:38.816996,XBox
18,Hanzo,DEFENSE,1.39,48.85,2.24,10.58,Grandmaster,2020-05-24 12:13:38.816996,XBox
19,Baptiste,SUPPORT,1.32,56.10,3.91,14.27,Grandmaster,2020-05-24 12:13:38.816996,XBox
20,Doomfist,OFFENSE,1.30,62.90,1.59,7.44,Grandmaster,2020-05-24 12:13:38.816996,XBox
21,Bastion,DEFENSE,1.30,49.19,1.59,11.50,Grandmaster,2020-05-24 12:13:38.816996,XBox
22,Zenyatta,SUPPORT,1.26,62.50,1.64,6.81,Grandmaster,2020-05-24 12:13:38.816996,XBox
23,Sombra,OFFENSE,0.97,50.54,1.06,12.86,Grandmaster,2020-05-24 12:13:38.816996,XBox
24,Genji,OFFENSE,0.93,53.93,1.11,9.52,Grandmaster,2020-05-24 12:13:38.816996,XBox
25,D.Va,TANK,0.86,54.22,0.00,4.07,Grandmaster,2020-05-24 12:13:38.816996,XBox
26,Junkrat,DEFENSE,0.84,56.79,0.00,11.69,Grandmaster,2020-05-24 12:13:38.816996,XBox
27,Symmetra,SUPPORT,0.76,50.00,0.00,8.47,Grandmaster,2020-05-24 12:13:38.816996,XBox
28,Pharah,OFFENSE,0.76,60.81,0.00,20.39,Grandmaster,2020-05-24 12:13:38.816996,XBox
29,Mei,DEFENSE,0.74,41.43,2.78,4.77,Grandmaster,2020-05-24 12:13:38.816996,XBox
30,Winston,TANK,0.58,51.85,3.57,4.80,Grandmaster,2020-05-24 12:13:38.816996,XBox
31,Reaper,OFFENSE,0.54,70.00,3.85,10.70,Grandmaster,2020-05-24 12:13:38.816996,XBox
